Світлодіодне освітлення,Електрофурнітура,Елементи живлення,Ліхтарі,Автономність
Лампи,Вбудована,Батарейки,Ліхтарі,Портативні сонячні панелі
Вуличні ліхтарі,Накладна,Акумуляторні батарейки,Налобні ліхтарі,Портативні зарядні станції
Лінійні світильники,Пило-волого захищена,Елементи живлення по типу,,Вуличні ліхтарі автономні
Сонячні світильники,Декоративні рамки,Повербанки,,Прожектори автономні
Прожектори,Автоматичні вимикачі,Лужні,,
Настінно-стельові світильники,Колодки та подовжувачі,Сольові,,
Висотні світильники,Вилки та розетки,Повітряно-цинкові,,
Електротовари та аксесуари,,Літієві,,
Панелі,,Акумулятори нікель-металогідридні,,
Світильники Downlight,,Акумулятори Li-ion та LiFePO4,,
Настільні лампи,,Акумулятори свинцево-кислотні,,
Трекові світильники,,Зарядні пристрої,,
Високопотужні лампи,,,,
Зовнішні світильники,,,,
Торшери,,,,
Архітектурні світильники,,,,
Точкові світильники,,,,
Фітолампи,,,,
Датчики руху,,,,
Аварійні світильники,,,,
